{
  "MA模型-10轮": {
    "iou": {
      "mean": 0.27299090826128425,
      "std": 0.0,
      "min": 0.27299090826128425,
      "max": 0.27299090826128425,
      "median": 0.27299090826128425
    },
    "dice": {
      "mean": 0.4288968703384522,
      "std": 0.0,
      "min": 0.4288968703384522,
      "max": 0.4288968703384522,
      "median": 0.4288968703384522
    },
    "precision": {
      "mean": 0.29941653262048434,
      "std": 0.0,
      "min": 0.29941653262048434,
      "max": 0.29941653262048434,
      "median": 0.29941653262048434
    },
    "recall": {
      "mean": 0.7556884149499798,
      "std": 0.0,
      "min": 0.7556884149499798,
      "max": 0.7556884149499798,
      "median": 0.7556884149499798
    },
    "f1": {
      "mean": 0.4288968662734804,
      "std": 0.0,
      "min": 0.4288968662734804,
      "max": 0.4288968662734804,
      "median": 0.4288968662734804
    }
  }
}