epoch,time,train/box_loss,train/seg_loss,train/cls_loss,train/dfl_loss,metrics/precision(B),metrics/recall(B),metrics/mAP50(B),metrics/mAP50-95(B),metrics/precision(M),metrics/recall(M),metrics/mAP50(M),metrics/mAP50-95(M),val/box_loss,val/seg_loss,val/cls_loss,val/dfl_loss,lr/pg0,lr/pg1,lr/pg2
1,4742.69,1.61884,2.85671,1.65872,1.58851,0.27381,0.16385,0.0827,0.03383,0.17776,0.1194,0.0553,0.01609,1.84542,6.60922,1.94063,1.70435,0.0670522,0.000332806,0.000332806
2,12158.3,1.57081,2.64063,1.48687,1.56863,0.36167,0.14328,0.11547,0.05375,0.375,0.13499,0.10853,0.04006,1.61294,3.22207,1.47425,1.53685,0.0339863,0.000600191,0.000600191
3,20578.5,1.54104,2.54384,1.41304,1.54558,0.34827,0.07794,0.0701,0.0367,0.33955,0.07463,0.06716,0.02915,1.48396,2.44787,1.32184,1.42589,0.00085432,0.000801577,0.000801577
4,70973.1,1.48871,2.47896,1.36232,1.51317,0.32106,0.06036,0.05925,0.0311,0.28311,0.04809,0.04441,0.01725,1.46907,3.03899,1.32744,1.40753,0.000703,0.000703,0.000703
