{
  "box": {
    "mAP50": 0.5521122207112348,
    "mAP50-95": 0.28166481465566295,
    "precision": 0.6047288997066782,
    "recall": 0.5160862354892206
  },
  "mask": {
    "mAP50": 0.5058510846795028,
    "mAP50-95": 0.2044694542812458,
    "precision": 0.6109682595380058,
    "recall": 0.472636815920398
  }
}